"id","title","type","status","confidence","updated","tags","domains","sources","path"
"concept-20260605-evidence-first-knowledge","Evidence-First Knowledge","concept","seed","medium","2026-06-05","knowledge-ops;evidence","knowledge-management","","20-notes/concepts/evidence-first-knowledge.md"
"domain-map-20260605-canvas-file-planning","Canvas 文件放置规划","domain-map","active","medium","2026-06-06","canvas;knowledge-architecture","knowledge-management","","30-maps/canvas/README.md"
"domain-map-20260605-general-knowledge-network","General Knowledge Network","domain-map","seed","medium","2026-06-05","knowledge-map;knowledge-ops","knowledge-management","","30-maps/domains/general-knowledge-network.md"
"domain-map-20260605-domain-taxonomy-routing-guide","知识分类路由指南","domain-map","active","medium","2026-06-05","domain-taxonomy;routing","knowledge-management","","30-maps/domains/domain-taxonomy-routing-guide.md"
"domain-map-20260606-domain-taxonomy-baseline","知识领域分类基准","domain-map","active","medium","2026-06-06","domain-taxonomy;taxonomy-baseline;knowledge-architecture","knowledge-management","","30-maps/domains/domain-taxonomy-baseline.md"
"domain-map-20260605-domain-taxonomy-seed","知识领域门类规划","domain-map","active","medium","2026-06-06","domain-taxonomy;knowledge-architecture","knowledge-management","","30-maps/domains/domain-taxonomy-seed.md"
"domain-map-20260605-domain-taxonomy-overview","知识领域三级分类总览","domain-map","active","medium","2026-06-05","domain-taxonomy;level-3-taxonomy","knowledge-management","","30-maps/domains/domain-taxonomy-overview.md"
"eval-20260605-retrieval-quality","Retrieval Quality Baseline","eval","seed","medium","2026-06-05","eval;retrieval","knowledge-management","","60-evals/retrieval-quality.md"
"eval-20260605-taxonomy-routing-audit","Taxonomy Routing Audit","eval","active","medium","2026-06-05","taxonomy;routing;eval","knowledge-management","","60-evals/taxonomy-routing-audit.md"
"workflow-20260605-kb-retrieval-context-pack","KB Retrieval Context Pack","workflow","seed","medium","2026-06-05","codex-workflow;retrieval","knowledge-management","","50-workflows/codex/kb-retrieval-context-pack.md"
